Filename,D(1/h),Fecha,hora,Tiempo cultivo (d),Xv,ALA,ALA,ALA,ARG,ARG,ARG,ASN,ASN,ASN,ASP,ASP,ASP,GLN,GLN,GLN,GLN,GLN,GLU,GLU,GLU,GLC,GLC,GLC,GLC,GLC,GLY,GLY,GLY,ILE,ILE,ILE,LAC,LAC,LAC,LAC,LEU,LEU,LEU,LYS,LYS,LYS,MET,MET,MET,PHE,PHE,PHE,PRO,PRO,PRO,SER,SER,SER,THR,THR,THR,TRP,TRP,TRP,TYR,TYR,TYR,VAL,VAL,VAL
Filename,D(1/h),Fecha,hora,Tiempo cultivo (d),Xv,area,C(mM),qS(Area/cel*h),area,C(mM),qS(Area/cel*h),area,C(mM),qS(Area/cel*h),area,C(mM),qS(Area/cel*h),area,concentracion,qS(nmol/e6cel*h),qS(area),DCo/Xv,area,C(mM),qS(Area/cel*h),area,concentracion,qS(nmol/e6cel*h),qS(area),DCo/Xv,area,C(mM),qS(Area/cel*h),area,C(mM),qS(Area/cel*h),area,concentracion,qS(nmol/e6cel*h),qS(area),area,C(mM),qS(Area/cel*h),area,C(mM),qS(Area/cel*h),area,C(mM),qS(Area/cel*h),area,C(mM),qS(Area/cel*h),area,C(mM),qS(Area/cel*h),area,C(mM),qS(Area/cel*h),area,C(mM),qS(Area/cel*h),area,C(mM),qS(Area/cel*h),area,C(mM),qS(Area/cel*h),area,C(x),qS
Lis1_extrac_HEK293_2LBR_CC_1,0,43621,0.5,0.020833333,462500,1497552986,1.036801215,,171483942,0.074595061,,793306076,1.597773945,,389162322,0.307103974,,8410954367,4.476060379,,,,566904392,0.864583966,,546628279,20.65255629,,,,31260334,0.381773072,,5518905247,0.982440156,,2196866814,4.59982307,,,6685677008,1.320710066,,868462201,1.157968001,,2112817678,0.653697496,,2581049140,0.383929981,,15084885855,1.099740585,,585416664,1.145778061,,1661770946,0.716553917,,1171678984,0.174842683,,1034664416,0.334474441,,2657228906,3.508012136,
Lis1_extrac_HEK293_2LBR_CC_2,0,43622,23.75,0.989583333,850000,1311671486,0.908109832,-8.434458288,140950134,0.061312936,-0.870513107,684380811,1.37839084,-14.37841141,300245557,0.236936102,-4.598815969,6327891481,3.367516111,-72.65420701,-136.5243469,0,502943021,0.767036696,-6.393267055,471412593,17.81077834,-186.2506796,-4.929650695,0,34013644,0.41539842,2.203811864,4132953050,0.735721824,-16.16996742,3290040076,6.888720858,150.0148064,71.64678829,5018226548,0.991316557,-21.58851465,714468467,0.95263976,-13.45725288,1488064938,0.460401451,-12.66866043,1979152836,0.294398157,-5.867933141,13938294775,1.016150112,-5.478535873,435507963,0.852376607,-19.22958843,1268414954,0.546939219,-11.1165803,914046361,0.136397699,-2.519691686,792214546,0.256098029,-5.136805304,2148010406,2.835753652,-44.0599519
Lis1_extrac_HEK293_2LBR_CC_3,0.025,43623,46.83333333,1.951388889,1753333.333,1567097202,1.084948778,1.06126981,144520209,0.062865909,-31.44062944,787446960,1.585973276,-1.647443396,288061561,0.227321211,-4.424490755,5947676772,3.165177123,-50.61403135,-89.43340369,-79.14962451,608787872,0.928460319,1.805293045,430718351,16.27327991,-173.4316509,-6.410396874,-333.7611198,48110368,0.587557477,9.406596054,4306268466,0.766574324,-10.27594169,5109260135,10.69782314,295.6571534,141.2052983,5192532057,1.025749426,-10.99696833,713221491,0.950977099,-9.571525379,1495900626,0.462825782,0.97012572,2041598841,0.303686974,-2.438019499,15160909905,1.105283003,-1.432686981,391015519,0.765295952,-18.03292948,1319008553,0.568755127,-6.316465387,963974382,0.143848161,-1.470752612,800384048,0.258738972,-2.289408079,2907538741,3.838465391,17.2938525
Lis1_extrac_HEK293_2LBR_CC_4,0.025,43624,69.58333333,2.899305556,2136666.667,1756070050,1.215780395,1.705526417,157067913,0.068324127,-20.90742137,879858399,1.77209638,1.010484087,322975394,0.254873151,-2.008943521,6081537069,3.236413602,-28.59872346,-49.94166899,-64.94961387,686321331,1.046706334,2.082419619,485496182,18.34288055,-31.63035172,-2.055224097,-273.8819797,59932133,0.731933143,7.757822925,4847840594,0.862981525,-4.567607075,6712059083,14.0537806,234.9149926,112.1949569,5878858240,1.161328501,-3.969868749,786019112,1.048042136,-3.56184173,1636290390,0.506261824,1.871612528,2370438415,0.352601723,-0.358996864,17279262362,1.259718256,2.111429845,387596592,0.758604425,-10.88262284,1449104220,0.624852244,-2.944630206,1082320233,0.161508208,-0.589740955,836337799,0.270361688,-1.236643138,3567906807,4.710268036,20.98945031
Lis1_extrac_HEK293_2LBR_CC_5,0.01875,43625,93.5,3.895833333,3270000,1451818522,1.005137863,-4.209904137,122595004,0.053328503,-11.61345873,758552765,1.527778345,-5.705122762,241180863,0.190325726,-2.546682521,4866018875,2.589550881,-28.30204592,-51.13279517,-31.82928325,622484827,0.949349499,-1.751661048,343515739,12.97861528,-136.7003771,-4.275428995,-134.2189213,52560238,0.641902403,1.221536021,3925353579,0.698766297,-6.415449472,5805896495,12.15644775,61.54990154,29.39611677,4815913660,0.951351021,-7.301251691,554286852,0.739060879,-8.619571284,1303978967,0.403445974,-1.315912047,1986570430,0.295501521,-1.70177473,14825799867,1.080852317,-3.595182514,279058906,0.546174361,-9.836295112,1126225092,0.485627097,-4.714705524,873081964,0.130284826,-1.063556409,676458060,0.2186776,-1.747362077,3084503240,4.072089829,-8.365807463
Lis1_extrac_HEK293_2LBR_CC_6,0.01875,43626,120.75,5.03125,2815000,1671807851,1.157443127,0.811454799,134303257,0.058421562,-10.08183752,804329688,1.619976271,-1.068258411,266834898,0.210570379,-1.268069082,4879756262,2.596861511,-18.13997044,-32.26573542,-36.9739809,691047465,1.053914145,1.064964128,365011824,13.79077434,-51.97332551,-1.959618373,-155.9132762,60666771,0.740905056,3.544390176,4605232689,0.81979402,-2.116829894,8439460903,17.67063288,158.4171893,75.65975055,5218658510,1.03091053,-3.043952137,712578215,0.950119384,-1.168531484,1440039195,0.445542474,0.564388975,2401225015,0.357181217,0.030701199,16575148507,1.20838591,0.643756657,274516167,0.537283308,-6.609647933,1252819980,0.540214683,-1.878199874,981873199,0.146519095,-0.366281083,726839294,0.234964267,-0.754928497,3791855887,5.005920431,13.51145352
Lis1_extrac_HEK293_2LBR_CC_7,0.01875,43627,149.25,6.21875,2655000,1898243978,1.314211705,1.929757341,165374101,0.071937297,-11.04650755,949215059,1.911785546,2.63451667,320777816,0.253138951,-0.920846476,6062367835,3.226212304,-10.02119021,-16.80501276,-39.20216807,880695005,1.343144965,4.842121004,330216902,12.47616235,-87.30167358,-2.960342636,-165.3091798,71201525,0.869562843,5.045450518,4943325512,0.879979139,-2.58545169,9878152019,20.68297962,170.1138918,81.24607356,6099005331,1.204817063,-1.353788528,880903411,1.174556545,0.240305927,1623560917,0.502323375,1.130389645,2614290815,0.388874666,-0.066779754,20239392228,1.475522007,3.784907682,337707638,0.660961716,-5.253327946,1503797069,0.648435744,-0.875347695,1120661697,0.167229677,-0.232949954,886064941,0.286436908,-0.165720203,4255502044,5.618015363,15.65252337
Lis1_extrac_HEK293_2LBR_CC_8,0.01875,43628,167.1666667,6.965277778,2197500,1980612160,1.371237688,2.046122226,153821886,0.066912114,-12.73047331,939032608,1.891277377,-0.673761131,336851687,0.265823503,-1.148346709,5894272676,3.136757048,-20.36961158,-35.9929178,-47.36371159,897720471,1.369110446,3.090758395,371557228,14.03807095,-42.51360796,-1.857571338,-199.7250842,68551662,0.837200862,3.454517022,5412708609,0.96353571,-1.307271695,10983456506,22.9972779,222.018568,106.0356489,6348517100,1.254106417,-2.044760449,871830912,1.162459687,-2.432657184,1765901935,0.546363127,1.855756697,3075406049,0.457465364,1.431752072,22156885458,1.615313925,5.191474857,344304178,0.67387247,-6.885655457,1464526985,0.631502525,-2.588600762,1183346167,0.176583707,-0.230752825,984028644,0.31810549,0.118576159,4582873525,6.05020362,22.76967601
Lis1_extrac_HEK293_2LBR_CC_9,0.01875,43629,191.7833333,7.990972222,2813333.333,2029254805,1.404914462,1.596518685,151097040,0.065726813,-12.2587231,972612223,1.958909071,1.077308459,334421337,0.263905614,-1.385447761,5428412751,2.888840217,-23.01528499,-41.03655312,-36.99588492,939590898,1.432966892,3.786128729,385355869,14.55940734,-59.71714325,-2.289771261,-156.0056419,77207777,0.942915395,6.054833771,5618430884,1.000157072,-2.083907712,13692064753,28.66859062,285.2829259,136.2505868,6662074342,1.31604752,-1.657657213,938658793,1.251564944,-0.353392219,1717523660,0.531395079,0.682121641,3447531465,0.512818864,1.219783577,21339345514,1.555712423,1.246928915,320905152,0.628075874,-7.821300409,1525181082,0.657656509,-1.671014561,1168828864,0.174417376,-0.44007346,907518612,0.293372204,-0.965736503,4794360960,6.329404439,19.61111179
Lis1_extrac_HEK293_2LBR_CC_10,0.01875,43631,237.8333333,9.909722222,2880000,1958230258,1.35574202,0.49841434,132381142,0.057585447,-10.8650903,906106681,1.824962256,-1.257160819,326513827,0.257665473,-1.266464827,5021946722,2.672531055,-19.89736578,-35.44277636,-36.13949869,877546738,1.338343554,1.597855425,289518100,10.93849163,-97.82780828,-3.213462338,-152.3944002,73545516,0.898189301,3.680082486,5371346032,0.956172609,-2.716474453,13639922324,28.55941424,187.6376077,89.61536717,6530265810,1.29000964,-2.42324888,779286742,1.0390655,-3.609999467,1617105028,0.500325948,0.42532663,3369008385,0.501138589,0.338374859,20407006956,1.487741703,1.009339057,357351041,0.699407803,-5.601928249,1407600121,0.60695572,-2.311531134,1094007858,0.163252283,-0.485481065,856720133,0.276950655,-0.757821117,4815978967,6.357944032,14.50710155
Lis1_extrac_HEK293_2LBR_CC_11,0.01875,43632,261.5,10.89583333,3210000,2238204134,1.5495764,3.951729294,152407146,0.066296706,-9.976706809,986923884,1.987733758,2.127391905,366725717,0.289398328,-0.620649014,5762242344,3.066494422,-11.04500917,-18.93510575,-32.42422312,1064591903,1.623605501,6.713929734,272954911,10.31270587,-87.39164128,-2.896584741,-136.7276861,83673864,1.021883774,5.718907844,5922187692,1.054229913,-0.698703543,16086449479,33.68197879,262.7124627,125.4709762,6987006186,1.380235598,-0.63009126,975625147,1.300854199,1.925009298,1868929484,0.578239446,1.844575127,3812960566,0.56717629,1.483353051,23700635091,1.727858637,5.290288506,337906809,0.661351534,-6.171390775,1506427953,0.649570179,-1.232959831,1275308189,0.190306652,0.050100972,1006451169,0.325353986,0.178777954,5879207139,7.761593271,37.24565622
Lis1_extrac_HEK293_2LBR_CC_12,0.01875,43633,293,12.20833333,2870000,1988019247,1.376365838,-0.481108254,137753871,0.05992257,-10.17355151,840952247,1.693736667,-3.606329475,308673175,0.243586682,-1.584548584,5098293892,2.713160754,-20.10343119,-35.95377225,-36.26542029,870049222,1.326909118,-0.373531673,243645726,9.205354469,-95.74607555,-3.118668192,-152.9253911,78472226,0.958357731,3.531225865,5307923471,0.944882531,-3.239476496,15871585672,33.23209467,201.6570405,96.31102181,6490245342,1.282103868,-2.934342734,878883757,1.17186363,-2.647959634,1610427617,0.498259983,-0.07690374,3374269956,0.501921245,-0.111107464,20476570258,1.49281311,-0.47732755,302494133,0.59204181,-6.707479735,1315671345,0.567316126,-2.80849822,1126174856,0.168052373,-0.5434438,859722623,0.277921265,-0.986030758,5112634651,6.749582004,8.436896253
Lis1_extrac_HEK293_2LBR_CC_13,0.016666667,43634,312.4166667,13.01736111,2380000,1955620371,1.353935116,0.305577245,121264944,0.05274993,-10.58804697,830584963,1.672856232,-1.961240405,305256809,0.240890687,-1.345576152,5060036342,2.692801221,-18.48228311,-32.8538614,-38.87273809,997751023,1.521666701,6.302461948,52708466,1.991416476,-254.6120103,-7.340698367,-163.9200271,84048410,1.026457992,5.668650312,5238591408,0.932540482,-2.787758332,19214809212,40.23217163,370.5604587,176.9789755,6346752015,1.253757737,-2.923415468,812848725,1.083815521,-3.755715054,1549542256,0.479422292,0.097313231,3349997921,0.49831079,0.297657064,20710226120,1.509847434,1.677476998,237362023,0.464565181,-9.285515068,1107002075,0.477338152,-4.319013302,1064749970,0.158886302,-0.599781987,827617879,0.267542812,-0.892288437,5513225132,7.278432291,28.40631956
Lis1_extrac_HEK293_2LBR_CC_14,0.016666667,43636,361.1666667,15.04861111,3353333.333,1887690560,1.306905254,0.144354851,115275669,0.050144611,-9.613654321,796801869,1.604814717,-2.166142491,314740050,0.248374302,-1.116237557,4591369134,2.443390437,-19.12731563,-34.22410449,-27.58959741,1355966334,2.067979657,8.335652288,17776211,0.671615817,-137.7943823,-4.19806731,-116.3408542,96105901,1.173712508,5.647020741,5017810518,0.893238482,-2.762367042,19219285945,40.24154506,234.0022958,111.7590547,6077513069,1.200571412,-2.785296854,768430754,1.024590619,-2.70915013,1494272009,0.462321894,0.200709529,3441750390,0.511958932,0.464269269,21693694507,1.581545696,2.001015584,173387317,0.339353825,-7.843021539,1035138886,0.446350819,-2.911755697,1067337643,0.159272445,-0.407302537,792889696,0.256316284,-0.773746679,5620862622,7.420532816,19.47760588
Lis1_extrac_HEK293_2LBR_CC_15,0.016666667,43637,382.5,15.9375,3673333.333,1913633741,1.324866503,0.563062841,110552929,0.048090232,-7.867408863,789390616,1.589887935,-1.766123475,301542654,0.237959695,-1.100379706,4330825877,2.304737045,-16.92090096,-30.39425017,-25.18614791,1358142513,2.07129854,4.959664591,12222194,0.461775505,-111.1539852,-3.391545738,-106.2058978,91601027,1.118695835,3.232617491,5174356601,0.921105813,-1.679771849,18934059719,39.64433536,181.5146486,86.69105347,5995749483,1.184419571,-2.342064053,760476526,1.013984813,-2.171849231,1462571832,0.452513984,0.068926852,3349361622,0.498216141,0.115548759,21588470908,1.57387453,1.263610339,153292094,0.300023435,-6.583401397,1038483920,0.447793195,-2.245728285,1105007523,0.164893697,-0.245340704,765610940,0.24749792,-0.730983185,5665124916,7.478966872,16.31816097
Lis1_extrac_HEK293_2LBR_CC_16,0.016666667,43638,405.5833333,16.89930556,4250000,1887933233,1.307073264,0.092604401,107460269,0.046744933,-6.974625541,742745596,1.495941601,-2.645967393,282082277,0.222602712,-1.074765762,3877150048,2.063304229,-16.8050373,-30.33516685,-21.76873333,1376808672,2.099766236,4.737280946,11936669,0.45098788,-96.67411953,-2.957421533,-91.79521516,89675411,1.095178865,3.095398389,4882634082,0.869175239,-2.437889746,18882718980,39.53683757,165.3814465,78.98586663,5721764020,1.130295605,-2.625583459,719662255,0.95956492,-2.532445381,1310119607,0.405345864,-0.458462527,3244711128,0.482649424,0.033202768,22576491423,1.645904658,2.134413211,136508200,0.267173981,-5.884051645,977724314,0.421593715,-2.347221223,1000891881,0.14935714,-0.474838355,722803074,0.233659485,-0.742902606,5700543625,7.525725833,14.5126571
Lis1_extrac_HEK293_2LBR_CC_17,0.016666667,43640,457.5,19.0625,5190000,1905092926,1.318953438,0.279078405,96924543,0.04216192,-5.870877194,777660426,1.566262511,-1.113336057,289455506,0.22842123,-0.754235649,3972112972,2.113840679,-12.01994936,-21.54324696,-17.82603404,1689855781,2.57719332,6.556374486,11793534,0.445579993,-81.09373522,-2.480991139,-75.16949219,99705312,1.217671034,3.488541391,4551857855,0.810292574,-2.005514147,14889625838,31.17605674,90.72707452,43.3310795,5320568049,1.051042067,-2.265889407,710129060,0.946853792,-1.796488622,1149920142,0.355780778,-0.324937753,2833069926,0.421417967,-0.214723341,22283337252,1.624532701,1.132603271,117860358,0.230676407,-4.908573132,840721362,0.362518184,-2.121277358,906833155,0.135321316,-0.365440016,673396898,0.217688023,-0.614340209,6243112782,8.242013083,16.02208359
Lis1_extrac_HEK293_2LBR_CC_18,0.016666667,43641,479.5,19.97916667,6375000,1829044720,1.266302966,-0.284399018,84249087,0.03664813,-4.834765388,681230933,1.372046765,-2.848229569,255493343,0.201620292,-0.875943691,2948381190,1.569040997,-14.97450202,-27.28686041,-14.51248889,1572934089,2.398876445,2.790719031,11587414,0.437792425,-66.25546182,-2.026770551,-61.19681011,96230309,1.175231866,2.221283336,4619531623,0.822339425,-1.413673079,16757926318,35.08792413,126.2450488,60.29439695,5375532837,1.061899987,-1.598766406,692125484,0.922848642,-1.665663863,1127254730,0.348768189,-0.236789657,2970924934,0.441923842,0.131194,22445435620,1.636350235,1.074809647,95571399,0.187052435,-4.343458629,900738425,0.388397479,-1.379133827,943085907,0.140731098,-0.221445465,640290079,0.20698563,-0.570826423,6018865919,7.945967562,8.970647501
Lis1_extrac_HEK293_2LBR_CC_19,0.016666667,43642,509.4166667,21.22569444,7245000,1828298615,1.265786415,0.042340839,82307318,0.035803466,-4.080414841,679986901,1.369541198,-1.375182799,270586444,0.213530878,-0.524652096,2859787161,1.521893883,-10.03454832,-18.13270919,-12.76978836,1651585415,2.518827315,4.077204378,4172406,0.157640673,-57.93423288,-1.765315189,-53.84812484,102388215,1.250436523,2.578630603,4450541469,0.79225688,-1.450512601,16680714386,34.92625696,84.88217221,40.53956519,5463521121,1.079281475,-1.310144402,696554766,0.928754446,-1.247280111,1114090691,0.344695287,-0.187812451,3041275023,0.452388388,0.063791598,22503491476,1.640582708,0.874177921,102162120,0.1999518,-3.371219313,908453684,0.391724291,-1.291716024,938012359,0.139974003,-0.222164761,631532877,0.204154702,-0.443720438,5786233615,7.638851775,7.347625669
Lis1_extrac_HEK293_2LBR_CC_20,0.016666667,43643,531.5,22.14583333,6360000,1815460324,1.256898078,-0.025763669,82736320,0.03599008,-4.080327002,653758422,1.316715206,-1.783823597,253556889,0.200092157,-0.675088063,2760045517,1.468814339,-10.29006249,-18.61204792,-14.54671645,1746261904,2.663218107,4.7772966,3154465,0.119181112,-57.26782525,-1.74793253,-61.34114221,99345112,1.21327202,2.011135628,4508716571,0.802612839,-1.25952007,16088914283,33.68713962,75.80556132,36.20459297,5392915914,1.065333896,-1.485638038,683847587,0.911811271,-1.403984154,1078554858,0.333700639,-0.259653796,2989101268,0.444627564,-0.035909093,23873227336,1.740441211,1.646599849,92128705,0.180314391,-3.577298293,885332048,0.381754265,-1.383994372,938603504,0.140062216,-0.218921673,658771373,0.212960051,-0.364364494,6179540839,8.158086875,12.58114418
Lis1_extrac_HEK293_2LBR_CC_21,0.016666667,43644,552.5,23.02083333,6900000,1321913313,0.915200558,-2.860577055,57139924,0.024855716,-4.281495324,480121500,0.966998295,-4.487187033,195598802,0.154355049,-1.003745108,2125306400,1.131025013,-13.11266889,-23.89716417,-13.40827778,1338500047,2.041341882,-1.151295581,10242247,0.386969703,-56.28354499,-1.727921592,-56.54053108,80077479,0.977962204,0.284739421,3305319654,0.588391829,-3.157874848,11348751930,23.76213734,0.923803657,0.441206883,3961443496,0.782556246,-3.832998022,482692760,0.643600573,-3.609590403,747423665,0.231249948,-1.06974454,2084301075,0.310038914,-1.129421875,18193575997,1.326374897,-2.361499391,71319214,0.139586035,-3.904649173,603863007,0.260385105,-2.38870677,679962698,0.101466787,-0.550826582,459900500,0.148671357,-0.965467546,4193802177,5.536560626,-12.10904611
Lis1_extrac_HEK293_2LBR_CC_22,0.016666667,43645,573.75,23.90625,6850000,1362791848,0.943502004,-0.578053327,64117473,0.027890931,-4.040838604,474189906,0.95505165,-2.42515227,206583742,0.163023717,-0.636776575,2962528529,1.576569791,-7.125383784,-12.67294245,-13.50614842,1316568306,2.007893858,2.173818737,143479050,5.420885216,-15.24956097,-0.633351977,-56.95323569,72378364,0.883935224,0.861640633,3311294399,0.589455415,-1.812650262,7979032891,16.70658382,0.758297472,0.362161441,3857344735,0.761992243,-2.246216641,537225196,0.716311643,-1.362489096,836303200,0.258748927,-0.224629809,2185539211,0.325098044,-0.198763353,18265961450,1.331652048,0.131267307,163070897,0.319162517,-2.085913129,797972126,0.344084757,-0.935672363,704935076,0.105193267,-0.280627423,527299733,0.170459408,-0.388150609,3841360895,5.071275798,-0.44619268
Lis1_extrac_HEK293_2LBR_CC_23,0.016666667,43646,598.3333333,24.93055556,7995000,1795341797,1.242969413,1.294332484,71752550,0.03121217,-3.736682708,615279329,1.23921562,-0.307583259,262949000,0.207503857,-0.341328106,3080190060,1.639185767,-8.510887587,-15.32927884,-11.571872,1779612621,2.714081173,6.85098725,5623784,0.212476229,-74.77971976,-2.192040562,-48.796706,108116406,1.320393199,4.170615388,4240309423,0.754832718,-0.592496049,15697322361,32.8672203,144.2232209,68.88073801,4991741814,0.986084678,-0.493543533,618901342,0.825214902,-0.922249128,935354617,0.289395047,-0.149172819,2924637334,0.435038581,0.46327495,23586097378,1.71950844,2.655095754,94911117,0.18576013,-3.749823434,839683343,0.362070591,-1.18458046,920916645,0.137422911,-0.066555274,585872668,0.189394194,-0.348167046,5657096795,7.468368333,17.84242888
Lis1_extrac_HEK293_2LBR_CC_25,0.016666667,43647,629.8333333,26.24305556,7470000,1665491850,1.153070369,-0.476181977,66822311,0.029067529,-3.611885869,579179538,1.166508115,-1.860754818,243391867,0.19207052,-0.593696737,2896680929,1.541527652,-8.937785854,-16.15806281,-12.38515618,1776237888,2.708934379,3.595706858,11792754,0.445550523,-48.7871871,-1.495544096,-52.22619337,101373809,1.238047887,1.75091781,4065758366,0.723760257,-1.421562826,12650488585,26.48772737,37.77574898,18.0416264,4499011416,0.888749136,-1.915636744,582502560,0.776682421,-1.592367418,834069965,0.258057973,-0.433810896,2714189349,0.403734531,-0.177429604,23839123315,1.73795491,1.021881471,90830949,0.177774421,-3.082867811,808678436,0.348701307,-1.281619923,896640310,0.133800298,-0.217478767,532013508,0.171983223,-0.503657198,5677369640,7.495132074,7.238929759
Lis1_extrac_HEK293_2LBR_CC_26,0.016666667,43648,648.75,27.03125,8280000,1719499920,1.190461788,0.090277611,61919529,0.026934831,-3.556725058,563025310,1.13397237,-1.863757493,230867112,0.182186722,-0.61387689,2489021102,1.324583186,-10.17159232,-18.48803062,-11.17356481,1726568062,2.633183096,2.957278705,5034938,0.190228615,-50.58142201,-1.539337582,-47.11710923,99807634,1.218920662,1.815412515,4034068391,0.718119011,-1.347297835,14681050920,30.73934036,89.09804477,42.55305797,4713068666,0.931034691,-1.262988451,555119090,0.740170548,-1.702998532,715127838,0.221257746,-0.618769818,2633891744,0.391790296,-0.173969618,22799513466,1.66216374,0.3595736,88800848,0.173801106,-3.034217452,766412777,0.330476399,-1.360307374,868471895,0.129596893,-0.235437997,479564395,0.155028075,-0.574538631,5833910089,7.701793153,8.634336943
Lis1_extrac_HEK293_2LBR_CC_27,0.016666667,43649,675.5,28.14583333,8830000,1809573919,1.252822742,0.221720352,64399688,0.028013694,-3.257150061,623870457,1.256518753,-0.891394167,247695029,0.195466322,-0.442671763,2632025970,1.400686135,-7.827185149,-14.13236979,-10.47758965,1942790956,2.962943898,4.878701992,5421443,0.204831439,-45.153898,-1.379741386,-44.18229495,114486417,1.398188231,2.72864975,3777170334,0.672387665,-1.455224169,13364873572,27.98351425,45.15903972,21.56787211,4388247029,0.866868384,-1.72559601,583778418,0.778383592,-1.173380349,646091219,0.199898087,-0.492178082,2439182199,0.362827333,-0.252743233,27490436262,2.004148308,2.553006655,103393770,0.202362387,-2.619732106,837726183,0.361226666,-0.992994576,845765949,0.12620862,-0.212951046,530106728,0.171366821,-0.353305297,5681318862,7.500345745,5.795826027
Lis1_extrac_HEK293_2LBR_CC_28,0.016666667,43650,700.8333333,29.20138889,8760000,1653933781,1.145068368,-0.576028835,59171949,0.025739641,-3.18419275,521487444,1.050312201,-2.392717532,211577447,0.166964455,-0.629382211,1824260507,0.97081732,-10.20160247,-18.60984086,-10.56131469,1723969085,2.629219405,1.842344843,5646563,0.213336859,-43.92372807,-1.342143622,-44.53534982,106222272,1.297260709,1.513457634,3798661236,0.676213337,-1.243668024,13563803494,28.40003583,55.29329832,26.40797489,4641036646,0.916805255,-1.195124474,592706905,0.790288431,-1.202867204,623026406,0.192761924,-0.446986626,2458674075,0.365726741,-0.134421457,23060187642,1.681167793,-0.40186034,84309409,0.165010457,-2.845616065,722880627,0.31170538,-1.336648553,825969567,0.123254524,-0.212006131,463875802,0.149956447,-0.514011478,5622778381,7.423061956,5.88295623
Lis1_extrac_HEK293_2LBR_CC_29,0.016666667,43651,721,30.04166667,8805000,1261280929,0.873222925,-1.987586971,43435398,0.018894283,-3.225806357,412981362,0.83177336,-3.106222612,163755424,0.129226132,-0.778100336,1349579067,0.71820594,-10.35788294,-18.90271013,-10.50733863,1373252358,2.094342514,-0.499220922,6269503,0.236872604,-43.861185,-1.340743833,-44.30774156,90921961,1.110402606,0.641154154,2953033194,0.525680051,-2.251761755,9871270332,20.66857067,2.90653193,1.388154162,3292829523,0.650476099,-3.130314323,425934281,0.567921399,-2.71328903,464730834,0.143785896,-0.745314176,1876858514,0.279181919,-0.715651683,18975591762,1.383386563,-1.221082467,69932862,0.136872665,-2.902793634,546895204,0.235820648,-1.663417695,625014665,0.093267219,-0.399598098,363788885,0.117601497,-0.652206852,4142075872,5.468272754,-6.726371947
Lis1_extrac_HEK293_2LBR_CC_30,0.016666667,43654,795.6666667,33.15277778,8800000,1548268449,1.071913063,-0.218647224,51093068,0.02222535,-3.178174196,480948662,0.968664258,-1.737097712,215038728,0.169695894,-0.499582696,1656814485,0.881707515,-8.746918636,-15.87682505,-10.51330871,2033734680,3.101641863,4.494846167,5992238,0.226397055,-43.89768605,-1.34130134,-44.33291641,135168930,1.650777551,2.849163938,3822646421,0.680483026,-1.159080062,12723607588,26.64082472,53.87452506,25.73037145,4789292410,0.946092174,-1.145399552,586950321,0.782612863,-1.135089742,521722494,0.161418892,-0.470570189,2784741755,0.414229172,0.024893307,23650593607,1.724210439,1.018477574,98669202,0.193115458,-2.625511238,765133586,0.329924813,-1.071733525,861683832,0.128583951,-0.170984686,477763871,0.154446023,-0.4081525,5841274304,7.71151522,7.986882976
Lis1_extrac_HEK293_2LBR_CC_31,0.014583333,43656,844.6666667,35.19444444,9705000,1625455841,1.125352229,-0.117095262,53027073,0.023066637,-2.644727043,474603035,0.955883721,-1.549797178,233419230,0.184200703,-0.391814305,1823035309,0.970165306,-7.094728636,-12.86594452,-8.341316545,2092193607,3.190797374,3.526651425,3911605,0.147787163,-36.7726899,-1.122654431,-35.17397799,144998333,1.770821098,2.472596141,3917174425,0.697310296,-0.988561483,13175290683,27.58656358,44.82127347,21.40655559,4496446632,0.88824248,-1.268114109,575435282,0.767259234,-1.093588105,594440491,0.183917555,-0.332804478,2689201339,0.400017575,-0.086440567,23677925865,1.726203055,0.690715447,109717906,0.214739992,-2.147762815,768555869,0.331400498,-0.932766638,902967225,0.134744426,-0.140790285,509396744,0.164671935,-0.326779231,5883459889,7.767207653,5.742028623
Lis1_extrac_HEK293_2LBR_CC_32,0.014583333,43657,870.5833333,36.27430556,9375000,1635143344,1.13205918,-0.154786643,61894038,0.026923743,-2.547633094,470074011,0.946761949,-1.529385838,241486746,0.190567111,-0.36933367,1909665391,1.016267265,-6.780840583,-12.29015399,-8.634930887,2052770582,3.130673453,3.008662124,9813311,0.370763763,-34.48414645,-1.057580469,-36.41210201,145390137,1.775606082,2.256044566,4020012165,0.715616812,-0.89387151,13217649249,27.67525439,42.59674106,20.34412311,4707266698,0.929888552,-0.950088976,655248249,0.873678214,-0.527763919,654125248,0.202383784,-0.264906096,2754793272,0.409774348,-0.017376807,23949988094,1.746037337,0.762541237,106668888,0.208772451,-2.141466007,808682417,0.348703024,-0.823479381,914110312,0.136407243,-0.137021083,532381389,0.172102147,-0.295259754,5697512237,7.521723864,4.311907856
Lis1_extrac_HEK293_2LBR_CC_33,0.014583333,43659,909.6666667,37.90277778,7485000,1651288843,1.143237197,-0.156469486,60664249,0.026388788,-2.899491162,459174070,0.924808706,-1.782522842,247502591,0.195314461,-0.423082704,2070975044,1.102111477,-7.510026693,-13.60088839,-10.8152942,2058261560,3.139047725,3.660671013,4859592,0.183603742,-40.58243605,-1.238063041,-45.6063402,136554133,1.667694619,2.114473396,4005824272,0.713091174,-1.089376976,13162582383,27.55995481,47.42664741,22.65087726,4697320827,0.927923813,-1.237449427,647304067,0.863085803,-1.033612356,731077867,0.226192622,-0.27547929,2772112413,0.412350563,-0.045836045,22699537290,1.654875129,0.433775269,97040257,0.189927285,-2.474784338,798148339,0.34416074,-1.013854321,892939238,0.133248009,-0.173557045,553561124,0.178948889,-0.335016418,5556009715,7.334915508,5.062368838
Lis1_extrac_HEK293_2LBR_CC_34,0.014583333,43660,933.6666667,38.90277778,6900000,1504794017,1.0418144,-0.902193567,59898169,0.026055545,-3.399268498,436032622,0.87820021,-2.350631086,241512652,0.190587555,-0.540126517,2111137258,1.123484616,-8.875026038,-16.07790389,-11.73224305,1885888585,2.876162285,2.479780184,5966168,0.225412086,-46.80417588,-1.430944537,-49.47296469,116580574,1.423763541,1.092354282,3629068917,0.646023599,-1.726904251,12024205429,25.17640905,39.65541604,18.93935183,4350146188,0.859341822,-1.912188301,555255867,0.74035292,-2.019932532,691857578,0.214058019,-0.466034845,2557133527,0.380372543,-0.277945005,20339730275,1.482837,-0.430752936,93053725,0.182124841,-2.905757416,715691996,0.30860565,-1.418757069,808386857,0.12063076,-0.281266343,516135733,0.166850438,-0.492425082,4763628397,6.288832021,-0.71201033
Lis1_extrac_HEK293_2LBR_CC_35,0.014583333,43664,1038.333333,43.26388889,5595000,1765337805,1.222196742,0.005773115,78545671,0.034167159,-3.889737778,506955509,1.021043867,-2.064574695,278869209,0.220067148,-0.516328933,2880973459,1.533168602,-9.230391218,-16.65504408,-14.46871797,1677018039,2.557614524,3.442386861,9388079,0.354697767,-53.76523012,-1.644251665,-61.01223528,109982214,1.343179752,2.382455388,4114745551,0.732480642,-1.385973958,13663192950,28.60813853,68.02180345,32.48708491,4921268566,0.972163167,-1.519862639,638908946,0.851892131,-1.349412384,952425871,0.294676826,-0.252379317,2838306403,0.422196891,-0.031262128,21186953278,1.5446025,0.617224473,117754720,0.230469652,-3.171995813,844466669,0.364133156,-1.288002938,877510206,0.130945626,-0.226575111,602382758,0.194731386,-0.425163037,5491006667,7.249099987,7.525326005
Lis1_extrac_HEK293_2LBR_CC_36,0.014583333,43665,1054.833333,43.95138889,5313333.333,1944749800,1.346409091,1.478079782,87336547,0.037991167,-4.411278406,555568506,1.118953845,-1.205270365,312097995,0.246289348,-0.277225489,3073463974,1.635606344,-9.467711864,-17.00066373,-15.23572341,1749175975,2.667662347,5.445197533,5734426,0.216656474,-63.35770279,-1.930318532,-64.24657272,118506762,1.447287497,4.0584363,4736732243,0.843202728,-0.24507888,17210947870,36.03646546,168.9659654,80.6978261,6009469223,1.187129813,0.888339109,749212606,0.998966015,0.238931838,1108449728,0.342949995,0.27841114,3309693948,0.492315591,0.819733616,22234619345,1.620980996,1.632200467,126918551,0.248405111,-3.430156602,920480408,0.396910202,-1.090348226,969077769,0.144609709,-0.093709085,676955794,0.218838502,-0.198466181,6338494787,8.3679342,22.14970701
Lis1_extrac_HEK293_2LBR_CC_37,0.014583333,43666,1077.666667,44.90277778,5400000,1410210242,0.976331192,-3.260775705,66435300,0.02889918,-4.616342364,450342708,0.907021725,-4.222923511,234375768,0.184955546,-1.128207643,2585305682,1.375822983,-13.13718326,-23.88157773,-14.99119946,1278205189,1.949386399,-2.401285825,16742702,0.63256807,-59.17039596,-1.824101508,-63.21545489,89831884,1.097089823,-0.24375279,3393603666,0.604107584,-3.631830295,11350995185,23.76683429,-18.90921889,-9.031007243,4008447768,0.791841621,-5.004953624,529202738,0.705614863,-4.018262991,766174558,0.237051401,-1.206949445,2218483690,0.329998522,-1.411271497,17717811127,1.291689985,-2.238773664,102742369,0.201087464,-4.122376004,672021057,0.289774786,-2.45818675,674645382,0.100673316,-0.650439647,493523415,0.159540587,-1.007547009,4252024674,5.61342462,-14.85293019
Lis1_extrac_HEK293_2LBR_CC_38,0.014583333,43668,1132.166667,47.17361111,5326666.667,2077161954,1.43808203,1.469579295,93324792,0.040596038,-4.492803532,671413931,1.352274636,-0.6466164,320607988,0.253004933,-0.384033551,3699892072,1.968972793,-8.517064971,-15.20092445,-15.19758643,1815312994,2.768527691,6.406472029,4563099,0.172401726,-64.12752718,-1.954985314,-64.08575527,128319150,1.567123245,4.387139357,4964818566,0.883805194,-0.662844906,15101052846,31.61874485,102.1612681,48.79202878,5982283554,1.181759469,-0.444253471,782318406,1.043107783,-0.403219767,1224139487,0.378743952,0.192702866,3523139216,0.524065486,0.623015009,24243872239,1.767462512,2.279739976,138283085,0.270647788,-3.462653703,1035990361,0.446717975,-0.975652918,1063303102,0.158670395,-0.073326482,794197619,0.256739094,-0.138027442,7299840928,9.637081138,23.14903973
Lis1_extrac_HEK293_2LBR_CC_39,0.014583333,43669,1150.666667,47.94444444,5613333.333,2006398361,1.389090254,-0.041892391,101342545,0.044083739,-4.389721947,631198889,1.271278728,-2.442397451,308976284,0.243825878,-0.617041111,3339015104,1.776924777,-11.70376864,-21.20471965,-14.42146266,1695497446,2.585797405,2.576437606,15053196,0.568735628,-57.50198824,-1.774597073,-60.81296729,119617024,1.460846793,2.159587899,4866775603,0.866352214,-1.411028945,14719782502,30.82043695,75.34440996,35.98434795,6567695804,1.297403681,0.073179735,911622833,1.215516425,0.855993716,1209389945,0.374180502,-0.148648432,3441356918,0.511900403,0.082151972,24579441658,1.791926689,1.5479308,134661085,0.263558806,-3.615241363,949458140,0.40940537,-1.692328069,1047778832,0.1563538,-0.215111286,743192334,0.240250691,-0.516727586,7229907886,9.544757154,13.52887334
Lis1_extrac_HEK293_2LBR_CC_40,0.016666667,43670,1175.75,48.98958333,5190000,1865514706,1.29155224,-0.434126872,84041367,0.036557772,-5.181952559,578281746,1.164699899,-2.976299466,267783291,0.211318795,-0.913364479,2912714647,1.550060321,-13.66923869,-24.77409651,-17.82603404,1422339836,2.16920566,1.072282767,12839383,0.485093967,-71.21548333,-2.17730818,-75.16949219,104986390,1.282167254,1.956392487,4474748892,0.796566131,-2.083048182,15852464131,33.19205778,116.2580297,55.52461548,5308032135,1.048565682,-3.279907335,714505225,0.952688771,-3.06039136,1035600231,0.320410646,-0.606685467,2960700980,0.440403033,-0.422555231,20997854214,1.530816521,-0.780551542,123216443,0.241159341,-4.313711703,873376817,0.376599182,-1.882132697,882839646,0.131740907,-0.445658761,639447175,0.206713146,-0.734148382,6048641544,7.985276653,2.654954652
Lis1_extrac_HEK293_2LBR_CC_41,0.016666667,43672,1229.416667,51.22569444,5170000,2114261175,1.463766942,1.03761108,105206851,0.045764702,-5.309956785,668417701,1.346240019,-1.509763548,292899563,0.231139077,-0.651376127,3381343140,1.799450502,-11.57480781,-20.79944067,-17.89499355,1531117813,2.335102584,4.517866092,11674485,0.441082117,-73.98293957,-2.263068879,-75.46028326,111131921,1.357220778,3.518567497,4997748077,0.889667095,-1.262677844,16626358698,34.81244645,115.2312316,55.03421864,6316260709,1.247734386,-0.868572787,846500251,1.128684936,-0.675134985,1192407941,0.368926336,-0.052747025,3362142209,0.500117248,0.305479779,22908077362,1.670078425,1.500573077,142642975,0.279180969,-4.164009382,1033050286,0.445450217,-1.404527663,972555137,0.145128616,-0.245200376,718010691,0.232110258,-0.429185077,6722928062,8.875454117,16.896292
Lis1_extrac_HEK293_2LBR_CC_42,0.016666667,43675,1299.333333,54.13888889,6110000,2207952950,1.528632591,0.898808862,123083441,0.053540971,-4.862479648,698540295,1.406909031,-1.474675127,318345030,0.25121914,-0.553855946,4948046599,2.633203602,-7.73996055,-13.67093203,-15.14191762,1111502545,1.695148762,1.277966521,168824803,6.378491346,-44.03876898,-1.44564393,-63.85100891,95046089,1.160769343,2.306067982,5369176626,0.955786426,-1.064352541,14551152766,30.46735822,85.43469844,40.80345068,6631154102,1.309939436,-0.911809887,1015690211,1.354275134,-0.036085033,1517271777,0.469437932,0.266354033,3617276939,0.538068433,0.323826653,22889715683,1.668739795,1.118482405,259777047,0.508435888,-2.973717688,1206831194,0.520384365,-1.114967772,1064701341,0.158879046,-0.194464249,865136704,0.279671467,-0.24967644,7006191959,9.249412562,15.39339214
Lis1_extrac_HEK293_2LBR_CC_43,0.016666667,43676,1324.333333,55.18055556,5593333.333,2073573364,1.43559754,0.031679579,104298199,0.045369441,-4.762021461,650490409,1.310133199,-2.282567538,296586949,0.234048945,-0.696127555,4310640086,2.293994766,-11.1123014,-20.03947542,-16.54060488,1069782244,1.631521272,1.359022728,19400609,0.732988367,-95.13314486,-2.787871634,-69.74904609,97296155,1.188248723,2.650030005,4799920068,0.85445102,-1.930308094,17532204458,36.70911592,138.3322573,66.06722493,5853446670,1.156308618,-2.211237483,829791409,1.106406126,-2.312246352,1341371733,0.415015149,-0.29533338,3140144465,0.467095177,-0.312823325,21782081373,1.587989406,0.412411754,187865837,0.367691198,-4.2625367,1009681302,0.435373536,-1.853247654,961726484,0.143512721,-0.328379267,742255180,0.239947738,-0.617271598,6450192633,8.515395113,8.392294684
Lis1_extrac_HEK293_2LBR_CC_44,0.016666667,43677,1345.166667,56.04861111,6086666.667,1954058687,1.352853915,-0.261941082,102260179,0.044482908,-4.735777139,640098440,1.289203046,-1.9642674,288713864,0.22783597,-0.664346084,4118009786,2.191482635,-10.2840275,-18.48138659,-15.1999644,1218053311,1.857648974,3.888004397,13089678,0.494550542,-67.01116252,-2.044083073,-64.09578277,96759115,1.181690015,2.443054447,4705832552,0.837702163,-1.546247252,16889221851,35.36283211,91.77704519,43.83254351,5737991019,1.133501138,-1.602614739,728998039,0.97201283,-2.269200679,1232286441,0.381264588,-0.326384585,3154765626,0.469270068,0.092374574,21557315425,1.571603187,0.693031073,151310370,0.296144803,-4.198026658,989544487,0.426690562,-1.479746364,975908998,0.145629093,-0.225298529,721440114,0.233218882,-0.468015139,6259361125,8.26346377,9.959017919
Lis1_extrac_HEK293_2LBR_CC_45,0.016666667,43679,1391.5,57.97916667,6752500,1977840813,1.369319,0.349710929,94542979,0.041125946,-4.31837992,661560781,1.332429703,-1.456156916,292964000,0.231189927,-0.550346611,3454594162,1.838432522,-10.36738266,-18.71415571,-13.701165,1474366539,2.248551408,3.96139059,6872285,0.259646744,-60.58252273,-1.849514351,-57.77558896,102638844,1.253497379,2.597644292,4682151104,0.833486544,-1.322800399,17153907543,35.91703382,94.39243006,45.08164639,5526830343,1.091787781,-1.511386717,770346191,1.027144576,-0.976990654,1123455526,0.34759273,-0.245287458,3141412497,0.467283796,0.061339706,21937943686,1.59935231,0.861026714,122537542,0.239830596,-3.639358981,866851226,0.373785354,-1.539042234,913062332,0.136250859,-0.261738595,675731433,0.218442705,-0.453042217,6258725365,8.262624454,10.61265641
Lis1_extrac_HEK293_2LBR_CC_46,0.016666667,43680,1416.083333,59.00347222,7325000,2022848312,1.400479053,0.504924967,78456611,0.034128418,-3.980917059,660352688,1.329996519,-1.426375628,275916737,0.217737231,-0.601920502,3364290495,1.79037559,-9.12547076,-16.44796631,-12.63032309,1740783936,2.654863677,5.706289663,6496554,0.245450981,-54.91002969,-1.677733949,-53.26002245,110257642,1.346543471,2.881861034,4457854798,0.793558752,-1.476524369,13331116205,27.91283271,29.31215529,13.99943003,5179384255,1.023152167,-1.777832233,668754583,0.891686946,-1.93802734,1005795093,0.311189054,-0.413809671,2894495712,0.430555027,-0.196062142,24558593392,1.790406778,2.063377907,114554366,0.224205916,-3.322013801,934997849,0.403170108,-1.099465479,951082137,0.141924328,-0.181556759,640369728,0.207011378,-0.464973315,6470425806,8.54210648,11.62674195
Lis1_extrac_HEK293_2LBR_CC_47,0.016666667,43683,1487.083333,61.96180556,7940000,1805996392,1.250345911,-0.107367264,64218205,0.027934749,-3.659770216,575576067,1.159250472,-1.806611023,232711600,0.183642283,-0.5982287,2592321900,1.379556806,-9.41856448,-17.05314807,-11.6520298,1519324692,2.317116935,2.548519187,10226793,0.386385824,-50.16434457,-1.53467056,-49.13471844,105627437,1.289996168,2.097279955,4137526609,0.73653598,-1.359942817,14705480964,30.79049224,69.40383761,33.14714181,4903175441,0.968588993,-1.508930421,620559239,0.827425466,-1.40197396,819526407,0.253558253,-0.396619373,2637615312,0.392344175,-0.137393862,22144233348,1.614391543,0.576237563,97305891,0.190447184,-3.09652774,737055688,0.317817652,-1.3891542,859291718,0.12822699,-0.231706997,522955060,0.169054912,-0.491842894,5864735366,7.742487971,7.189291361
Lis1_extrac_HEK293_2LBR_CC_48,0.016666667,43684,1511.416667,62.97569444,9210000,2029882570,1.405349082,0.898617789,77045783,0.033514712,-3.221196745,669797536,1.349019104,-0.399632924,257437701,0.203154665,-0.397132675,2920957729,1.554447045,-7.099686821,-12.7666721,-10.04528954,1868304899,2.849345465,5.562875333,10628066,0.401546608,-44.657786,-1.366179789,-42.35935553,122908256,1.501041621,3.121226302,4568267586,0.813213729,-0.730226713,14392455751,30.13507673,56.06742747,26.77769751,5312236008,1.049396129,-0.84068515,835100754,1.113485365,0.44416693,899479765,0.278295509,-0.171779511,3093896697,0.46021584,0.294570533,29513562770,2.151641259,3.72784418,117970602,0.230892176,-2.500400124,948427344,0.408960892,-0.653842919,1012811572,0.151135844,-0.064998368,649794192,0.210058011,-0.175970295,6972168844,9.204496032,15.36290785
Lis1_extrac_HEK293_2LBR_CC_49,0.016666667,43686,1560.833333,65.03472222,9330000,1803537965,1.248643868,-0.199528579,60053380,0.026123062,-3.022195372,578205934,1.164547208,-1.60889031,212968722,0.168062367,-0.544471936,2315479096,1.23222928,-8.178558889,-14.83703747,-9.916089673,1674462919,2.553717719,2.353675818,5904752,0.223091684,-41.91322275,-1.279728238,-41.81454067,111709307,1.36427222,1.71981707,4358621659,0.775893904,-1.061495036,14566208739,30.49888258,55.30151039,26.41189696,4744837933,0.937310494,-1.408688806,606891440,0.809201445,-1.537922089,738129162,0.228374265,-0.400181883,2702440661,0.401986919,-0.146847202,23517065815,1.714475799,0.202268095,96387418,0.188649548,-2.586069027,770988885,0.332449612,-1.162747747,916871196,0.136819233,-0.185213695,510638701,0.16507342,-0.446331755,6204311471,8.19078849,5.919824672
Lis1_extrac_HEK293_2LBR_CC_50,0.016666667,43689,1631.25,67.96875,10780000,1586957698,1.0986988,-0.334494868,49208304,0.021405482,-2.788073444,513956921,1.035145201,-1.554918074,199738332,0.157621723,-0.483822449,1743800771,0.927999035,-7.840441922,-14.2431595,-8.582292825,1643151015,2.50596404,2.41285462,3340726,0.126218373,-38.64688841,-1.179974083,-36.19013585,122609939,1.497398365,2.045805089,3688360489,0.656578305,-1.201846808,12905703178,27.0220984,42.76151748,20.42282001,4485891740,0.886157433,-1.280669017,521935888,0.695925575,-1.311520436,552863649,0.171053843,-0.438306691,2578417189,0.383538479,-0.107798676,22795022640,1.661836343,0.586006328,98280955,0.19235558,-2.325862019,706326528,0.30456727,-1.04388779,815664054,0.121716693,-0.187653135,449439544,0.145289659,-0.402573082,5247369346,6.927455632,3.826364108
Lis1_extrac_HEK293_2LBR_CC_51,0.016666667,43690,1657.166667,69.04861111,10493333.33,1534224993,1.062190354,-0.394523391,47503880,0.020664062,-2.636275409,497185380,1.001366144,-1.547501138,200193984,0.157981296,-0.450018794,1688477340,0.898557547,-7.37372151,-13.39293081,-8.816751904,1662949019,2.536157909,2.440437193,3860993,0.145874954,-36.39333438,-1.111737755,-37.17881173,120654676,1.473519325,1.755158524,3646669935,0.64915682,-1.103038127,12331891644,25.82064571,37.0414821,17.69094192,4415917721,0.872334541,-1.243389385,521591708,0.695466661,-1.179334102,513948261,0.159013575,-0.435826196,2473660143,0.367955912,-0.160461391,22543678046,1.643512449,0.502172704,95272805,0.186468026,-2.226686728,658620176,0.28399634,-1.062159859,789875571,0.117868431,-0.186034566,445286101,0.143946982,-0.375566969,4996887935,6.596775867,2.855417712
Lis1_extrac_HEK293_2LBR_CC_52,0.016666667,43691,1684.5,70.1875,8626666.667,1756880188,1.216341278,0.400867591,6920679,0.003010477,-3.013779237,508876523,1.024912924,-1.504255565,210058539,0.165765822,-0.465262231,1554693031,0.827361507,-8.445522076,-15.35480338,-10.72454984,1809785312,2.760097441,3.671942288,881180,0.033292496,-41.08320845,-1.252591244,-45.22368599,136382392,1.665597198,2.930890176,3491467933,0.621528754,-1.333593286,13611966741,28.50088055,57.60844744,27.51368573,4108354487,0.811577514,-1.62515446,599520029,0.79937274,-0.822486906,623921779,0.193038949,-0.286937416,2622891813,0.390154061,-0.024922646,23188857771,1.690548292,0.837715976,21923146,0.042908003,-3.133362391,717426683,0.309353645,-0.997543305,826689366,0.123361935,-0.168996809,505828645,0.163518481,-0.321656472,5001746001,6.603189373,4.253545595
Lis1_extrac_HEK293_2LBR_CC_53,0.016666667,43692,1709.25,71.21875,9600000,1512692980,1.047283091,-0.961474196,47515256,0.020669011,-3.012328013,497779875,1.002563498,-1.77050255,205108743,0.161859735,-0.533087934,2273332105,1.209799901,-6.593494722,-11.84941411,-9.637199651,1529855512,2.333177453,0.874549628,4638132,0.175236602,-41.98867665,-1.284654266,-40.63850671,114413253,1.397294701,1.044223925,3378159896,0.601358383,-1.421176338,12712829159,26.61825673,42.05492338,20.08535201,3847729344,0.760092788,-1.791791968,521939573,0.695930489,-1.738116652,448025208,0.138617241,-0.697525111,2456353965,0.365381626,-0.227441121,21931982329,1.598917706,0.242926747,94242698,0.1844519,-2.084923649,619280404,0.267033071,-1.351371951,788350044,0.117640786,-0.224906281,384689525,0.124358016,-0.607521804,4692565223,6.195016062,2.259261822
Lis1_extrac_HEK293_2LBR_CC_54,0.016666667,43693,1726.833333,71.95138889,9753333.333,1547755601,1.071558003,-0.181629127,47840887,0.020810659,-2.894533383,522682693,1.052719516,-1.255388521,198114856,0.156340571,-0.526298604,2351510043,1.251403881,-7.196794562,-13.01453348,-9.485692069,1520458950,2.318846788,2.141982624,4460697,0.168532803,-40.05988751,-1.223514334,-39.99962383,110650633,1.351342952,1.563008339,3410898674,0.60718633,-1.23232127,12585360548,26.3513616,44.04766958,21.03708383,3836230703,0.75782131,-1.532155545,459354390,0.612482252,-1.856408218,390709103,0.120883863,-0.596046951,2283401178,0.339654971,-0.305455733,22505638046,1.640739201,0.814280007,96965370,0.189780716,-2.396749873,610370227,0.263191012,-1.158330197,802057862,0.119686322,-0.179068344,370841524,0.119881393,-0.472533046,4998597863,6.599033275,6.202952646
Lis1_extrac_HEK293_2LBR_CC_55,0.016666667,43694,1749.583333,72.89930556,9173333.333,1526288079,1.056695389,-0.392355851,42478348,0.018477969,-2.973401028,508456791,1.024067554,-1.699261463,179594263,0.14172521,-0.59061126,1898135489,1.010131394,-8.905569575,-16.21401528,-10.0854415,1405382114,2.143343496,1.294035142,6068198,0.229266954,-40.59299402,-1.241303911,-42.52866982,109999384,1.343389444,1.789989259,3442221613,0.612762239,-1.259184471,11971567580,25.06619536,39.30843442,18.77363407,3666144079,0.724221853,-1.740697275,466659509,0.622222566,-1.416420496,321270227,0.099399747,-0.63723672,2153305453,0.320303286,-0.287313387,22556399127,1.64443986,0.638576279,98621377,0.193021855,-2.460203557,620008218,0.267346904,-1.14177291,812886759,0.121302254,-0.184668152,341017964,0.110240375,-0.5134954,4752578530,6.274244242,2.47591582
Lis1_extrac_HEK293_2LBR_CC_56,0.016666667,43698,1852.833333,77.20138889,10760000,1335594396,0.924672386,-0.558101581,42459591,0.01846981,-2.814916588,454597573,0.91559132,-1.707150801,190133337,0.150042026,-0.493510573,1277544890,0.679871488,-8.190542052,-14.89669081,-8.598245042,1593589549,2.430378017,2.37489016,3532136,0.133450171,-38.93328053,-1.188946396,-36.25740376,140206152,1.71229563,2.394958199,3122382200,0.555826476,-1.318456056,11186095625,23.42156584,38.94341753,18.59930269,3629353018,0.716954029,-1.54583785,549501293,0.732680033,-1.18000844,317367397,0.098192227,-0.530450051,2324450125,0.345760984,-0.157612549,22408400687,1.633650259,0.573593938,98037305,0.191878708,-2.349610266,640768800,0.276298845,-1.082781335,805372619,0.120180964,-0.183144903,425871813,0.137670953,-0.403512975,4765987729,6.291946756,3.543738092
Lis1_extrac_HEK293_2LBR_CC_57,0.016666667,43699,1876.833333,78.20138889,10720000,1432901057,0.99204073,-0.187664225,42703160,0.018575762,-2.61173433,468010483,0.94260586,-1.444807017,189299137,0.149383725,-0.462086958,1440483215,0.766582431,-7.155528682,-12.98737999,-8.630328046,1566517657,2.389090766,1.9755433,2019848,0.07631333,-36.38383026,-1.110057572,-36.39269258,139101989,1.698810819,2.113294827,3484311468,0.620254806,-0.916408219,11393912313,23.85669463,38.37205494,18.32642099,3847684388,0.760083907,-1.232824142,497978013,0.663981234,-1.428772606,347523214,0.107522318,-0.448666837,2403693682,0.35754843,-0.094591771,23088494498,1.683231461,0.764475426,109843392,0.214985593,-2.072708814,660019585,0.284599764,-0.967297655,829378486,0.123763216,-0.153139264,403942271,0.130581823,-0.41091426,4769975823,6.297211746,3.310854173
Lis1_extrac_HEK293_2LBR_CC_58,0.016666667,43700,1895.333333,78.97222222,10740000,1529393880,1.058845629,-0.008699172,46769957,0.020344808,-2.604211769,511620999,1.03044049,-1.019379205,216453609,0.170812434,-0.335879716,1549248474,0.824464075,-7.095028728,-12.87326731,-8.614256671,1724367888,2.629827618,3.505360668,4189980,0.158304649,-35.76351831,-1.093776314,-36.3249222,154419053,1.885873522,3.244793425,3608762797,0.642408834,-0.988602359,10317223508,21.60231217,23.9484199,11.43772013,3844873521,0.759528639,-1.371186916,541341631,0.72180031,-0.880510415,338397877,0.104698975,-0.494485172,2507103007,0.372930524,-0.04186224,25221770927,1.838754724,1.51541933,127139267,0.248837096,-1.949600681,703992721,0.303560935,-0.883740558,903727322,0.134857851,-0.099902969,441795301,0.142818516,-0.318126699,5009693816,6.613681895,5.137634667
Lis1_extrac_HEK293_2LBR_CC_59,0.01875,43703,1967.5,81.97916667,10440000,1515030177,1.048901203,-0.356204067,44952658,0.019554287,-2.978795925,478548812,0.963830792,-1.734701675,187732053,0.148147075,-0.5366618,1627717914,0.866223183,-8.276951373,-15.03001605,-9.96951688,1330436204,2.029043743,1.508431652,9547052,0.36070404,-40.72007134,-1.245553856,-42.03983453,131181324,1.602078116,2.167507937,3451735306,0.614455806,-1.295805114,11452677219,23.97973721,43.46319613,20.75794041,3886873363,0.767825423,-1.542080274,537983781,0.717323106,-1.294319733,419273635,0.129721617,-0.49504361,2377274111,0.35361853,-0.164794397,21780002509,1.587837849,0.421556805,108050394,0.211476336,-2.468673744,680144518,0.293277614,-1.122005343,768680698,0.114705647,-0.211972377,424506360,0.137229545,-0.434318515,4657865438,6.149206209,3.300204106
Lis1_extrac_HEK293_2LBR_CC_60,0.01875,43704,1996.75,83.19791667,10306666.67,1307055667,0.904914161,-0.964024208,40731100,0.017717921,-3.048384021,423956842,0.853878744,-2.203901349,172242839,0.1359239,-0.589409879,1447824899,0.770489457,-8.86990904,-16.13331371,-10.09848864,1215417304,1.853628808,1.062848845,5252385,0.198444137,-42.33944783,-1.291919678,-42.5836875,119800393,1.463086224,1.751695219,3103390864,0.55244576,-1.571205816,10023510968,20.98733373,30.77717523,14.69912078,3392995016,0.670263111,-1.987589176,467551264,0.623411591,-1.71380307,392113536,0.121318389,-0.551484134,2096346814,0.311830712,-0.335381497,19670608615,1.434055706,-0.107040588,95329113,0.186578232,-2.608655007,557804097,0.240524551,-1.362535235,671042419,0.100135667,-0.268879972,403405963,0.130408451,-0.469620685,4137635987,5.462411321,0.685602711
Lis1_extrac_HEK293_2LBR_CC_61,0.01875,43705,2021.166667,84.21527778,9773333.333,1551330445,1.074032976,0.207616304,45501876,0.019793196,-3.134650185,472370914,0.951388073,-1.516519257,197153465,0.155581898,-0.480224265,1928118910,1.026087681,-7.646479974,-13.8166383,-10.64956578,1338677978,2.041613244,2.474027636,3281213,0.123969869,-43.71746831,-1.334079688,-44.90749036,135348608,1.652971904,3.105258485,3678325740,0.654791983,-0.957055202,11420004534,23.9113268,53.85248252,25.71984398,4555539455,0.899915866,-0.661209155,499521365,0.66603907,-1.324915634,487053340,0.150692392,-0.401773611,2444017768,0.363546621,0.01601124,22453253002,1.636920149,1.286427229,112413636,0.220016077,-2.466105836,694410142,0.299428937,-0.982108933,789625226,0.117831074,-0.153091154,450326571,0.145576407,-0.392317438,5055611624,6.674301523,8.480941188
Lis1_extrac_HEK293_2LBR_CC_62,0.01875,43706,2046.416667,85.26736111,11000000,1555237366,1.076737855,-0.30076339,47489072,0.020657621,-3.032261333,472030821,0.950703102,-1.765610591,203033981,0.160222455,-0.502083502,2072885374,1.103128098,-7.805127022,-14.13317,-9.461977839,1364702063,2.081302488,2.007045076,6561685,0.247911742,-41.44745443,-1.268090671,-39.89962477,126694194,1.547278145,1.925864736,3416478636,0.608179639,-1.456099172,11154835734,23.35611355,40.54656062,19.3649608,3879509171,0.766370677,-1.967139614,583067129,0.777435192,-0.885008608,486342806,0.150472555,-0.478712192,2361769125,0.35131217,-0.199457534,22040105247,1.606800242,0.484650237,107225869,0.209862575,-2.53334392,676286672,0.291614115,-1.165279834,804760029,0.12008955,-0.191134416,441180112,0.142619645,-0.439284323,4629705677,6.112030344,1.861707375